{"cameraMode":{"drawMode":0,"name":"Shaded","section":"Shading Mode"},"sceneLighting":true,"audioPlay":false,"sceneViewState":{"m_AlwaysRefresh":false,"showFog":true,"showSkybox":true,"showFlares":true,"showImageEffects":true,"showParticleSystems":true,"showVisualEffectGraphs":true,"m_FxEnabled":true},"in2DMode":false,"pivot":{"x":0.12835264205932618,"y":5.66566276550293,"z":0.24973154067993165},"rotation":{"x":0.09092554450035095,"y":0.5194274187088013,"z":-0.05566839873790741,"w":0.84791100025177},"size":3.0725669860839845,"orthographic":false}